first_name,last_name,occupation
John,Smith,Engineer
Kate,Johnson,Sales
Bob,Michelson,Developer
first_name,last_name,occupation
John,Smith,Engineer
Kate,Johnson,Sales
Bob,Michelson,Developer
first_name,last_name,occupation
John,Smith,Engineer
Kate,Johnson,Sales
Bob,Michelson,Developer
first_name,last_name,occupation
John,Smith,Engineer
Kate,Johnson,Sales
Bob,Michelson,Developer
first_name,last_name,occupation
John,Smith,Engineer
Kate,Johnson,Sales
Bob,Michelson,Developer
first_name,last_name,occupation
John,Smith,Engineer
Kate,Johnson,Sales
Bob,Michelson,Developer
